rep,k0,k1
1,1.750000,1.666667
1,0,0